station_id,datetime_utc,o3_value,units
5610,2022-07-04T07:30:00Z,0.0166,ppm
5610,2022-07-04T08:30:00Z,0.0159,ppm
5610,2022-07-04T09:30:00Z,0.0156,ppm
5610,2022-07-04T10:30:00Z,0.0148,ppm
5610,2022-07-04T11:30:00Z,0.0156,ppm
5610,2022-07-04T12:30:00Z,0.00227,ppm
5610,2022-07-04T13:30:00Z,0.0148,ppm
5610,2022-07-04T14:30:00Z,0.0168,ppm
5610,2022-07-04T15:30:00Z,0.0176,ppm
5610,2022-07-04T16:30:00Z,0.0476,ppm
5610,2022-07-04T17:30:00Z,0.0367,ppm
5610,2022-07-04T18:30:00Z,0.0215,ppm
5610,2022-07-04T19:30:00Z,0.0165,ppm
5610,2022-07-04T20:30:00Z,0.0157,ppm
5610,2022-07-04T21:30:00Z,0.0143,ppm
5610,2022-07-04T22:30:00Z,0.0144,ppm
5610,2022-07-04T23:30:00Z,0.015,ppm
5610,2022-07-05T00:30:00Z,0.0159,ppm
5610,2022-07-05T01:30:00Z,0.0139,ppm
5610,2022-07-05T02:30:00Z,0.0194,ppm
5610,2022-07-05T03:30:00Z,0.0159,ppm
5610,2022-07-05T04:30:00Z,0.0141,ppm
5610,2022-07-05T05:30:00Z,0.017,ppm
5610,2022-07-05T06:30:00Z,0.0155,ppm
5610,2022-07-05T08:30:00Z,0.0151,ppm
5610,2022-07-05T09:30:00Z,0.016,ppm
5610,2022-07-05T10:30:00Z,0.0151,ppm
5610,2022-07-05T11:30:00Z,0.0152,ppm
5610,2022-07-05T12:30:00Z,0.015,ppm
5610,2022-07-05T13:30:00Z,0.0173,ppm
5610,2022-07-05T14:30:00Z,0.0145,ppm
5610,2022-07-05T15:30:00Z,0.0193,ppm
5610,2022-07-05T16:30:00Z,0.0152,ppm
5610,2022-07-05T17:30:00Z,0.0259,ppm
5610,2022-07-05T18:30:00Z,0.0197,ppm
5610,2022-07-05T19:30:00Z,0.0215,ppm
5610,2022-07-05T20:30:00Z,0.0262,ppm
5610,2022-07-05T21:30:00Z,0.0194,ppm
5610,2022-07-05T22:30:00Z,0.0153,ppm
5610,2022-07-05T23:30:00Z,0.0281,ppm
5610,2022-07-06T00:30:00Z,0.0171,ppm
5610,2022-07-07T03:30:00Z,0.0144,ppm
5610,2022-07-07T04:30:00Z,0.0149,ppm
5610,2022-07-07T05:30:00Z,0.0155,ppm
5610,2022-07-07T10:30:00Z,0.0127,ppm
5610,2022-07-07T11:30:00Z,0.014,ppm
5610,2022-07-07T12:30:00Z,0.0139,ppm
5610,2022-07-07T13:30:00Z,0.014,ppm
5610,2022-07-07T14:30:00Z,0.0135,ppm
5610,2022-07-07T15:30:00Z,0.0129,ppm
5610,2022-07-07T16:30:00Z,0.0141,ppm
5610,2022-07-07T17:30:00Z,0.0133,ppm
5610,2022-07-07T18:30:00Z,0.0126,ppm
5610,2022-07-07T19:30:00Z,0.015,ppm
5610,2022-07-07T20:30:00Z,0.0127,ppm
5610,2022-07-07T21:30:00Z,0.013,ppm
5610,2022-07-07T22:30:00Z,0.0125,ppm
5610,2022-07-07T23:30:00Z,0.0133,ppm
5610,2022-07-08T00:30:00Z,0.0137,ppm
5610,2022-07-08T01:30:00Z,0.0135,ppm
5610,2022-07-08T02:30:00Z,0.0133,ppm
5610,2022-07-08T03:30:00Z,0.0134,ppm
5610,2022-07-08T04:30:00Z,0.0131,ppm
5610,2022-07-08T05:30:00Z,0.0128,ppm
5610,2022-07-08T06:30:00Z,0.0128,ppm
5610,2022-07-08T07:30:00Z,0.0125,ppm
5610,2022-07-08T08:30:00Z,0.013,ppm
5610,2022-07-08T09:30:00Z,0.0133,ppm
5610,2022-07-09T02:30:00Z,0.0133,ppm
5610,2022-07-09T04:30:00Z,0.0133,ppm
5610,2022-07-09T05:30:00Z,0.0131,ppm
5610,2022-07-09T06:30:00Z,0.013,ppm
5610,2022-07-09T07:30:00Z,0.0124,ppm
5610,2022-07-09T08:30:00Z,0.0126,ppm
5610,2022-07-09T09:30:00Z,0.0134,ppm
5610,2022-07-09T10:30:00Z,0.0135,ppm
5610,2022-07-09T11:30:00Z,0.0132,ppm
5610,2022-07-09T12:30:00Z,0.0135,ppm
5610,2022-07-09T13:30:00Z,0.0143,ppm
5610,2022-07-09T14:30:00Z,0.0137,ppm
5610,2022-07-09T15:30:00Z,0.0159,ppm
5610,2022-07-09T16:30:00Z,0.0118,ppm
5610,2022-07-09T17:30:00Z,0.0121,ppm
5610,2022-07-09T18:30:00Z,0.0108,ppm
5610,2022-07-09T19:30:00Z,0.0134,ppm
5610,2022-07-09T20:30:00Z,0.0112,ppm
5610,2022-07-09T21:30:00Z,0.0,ppm
5610,2022-07-09T22:30:00Z,0.0143,ppm
5610,2022-07-09T23:30:00Z,0.0123,ppm
5610,2022-07-10T00:30:00Z,0.0139,ppm
5610,2022-07-10T01:30:00Z,0.0139,ppm
5610,2022-07-10T02:30:00Z,0.0134,ppm
5610,2022-07-10T03:30:00Z,0.0134,ppm
5610,2022-07-10T04:30:00Z,0.0134,ppm
5610,2022-07-10T05:30:00Z,0.0121,ppm
5610,2022-07-10T06:30:00Z,0.0101,ppm
5610,2022-07-10T07:30:00Z,0.0128,ppm
5610,2022-07-10T08:30:00Z,0.0126,ppm
5610,2022-07-10T09:30:00Z,0.0131,ppm
5610,2022-07-10T10:30:00Z,0.0133,ppm
5610,2022-07-10T11:30:00Z,0.0136,ppm
5610,2022-07-10T12:30:00Z,0.014,ppm
5610,2022-07-10T13:30:00Z,0.013,ppm
5610,2022-07-10T14:30:00Z,0.013,ppm
5610,2022-07-10T15:30:00Z,0.0115,ppm
5610,2022-07-10T16:30:00Z,0.0116,ppm
5610,2022-07-10T17:30:00Z,0.011,ppm
5610,2022-07-10T18:30:00Z,0.00475,ppm
5610,2022-07-10T19:30:00Z,0.00477,ppm
5610,2022-07-10T20:30:00Z,0.00956,ppm
5610,2022-07-10T21:30:00Z,0.00829,ppm
5610,2022-07-10T22:30:00Z,0.014,ppm
5610,2022-07-10T23:30:00Z,0.0184,ppm
5610,2022-07-11T00:30:00Z,0.0175,ppm
5610,2022-07-11T01:30:00Z,0.0136,ppm
5610,2022-07-11T02:30:00Z,0.0135,ppm
5610,2022-07-11T03:30:00Z,0.0137,ppm
5610,2022-07-11T04:30:00Z,0.0138,ppm
5610,2022-07-11T05:30:00Z,0.014,ppm
5610,2022-07-11T06:30:00Z,0.00771,ppm
5610,2022-07-11T07:30:00Z,0.0141,ppm
5610,2022-07-11T08:30:00Z,0.0133,ppm
5610,2022-07-11T09:30:00Z,0.0133,ppm
5610,2022-07-11T10:30:00Z,0.014,ppm
5610,2022-07-11T11:30:00Z,0.0133,ppm
5610,2022-07-11T12:30:00Z,0.013,ppm
5610,2022-07-11T13:30:00Z,0.00745,ppm
5610,2022-07-11T14:30:00Z,0.014,ppm
5610,2022-07-11T15:30:00Z,0.0128,ppm
5610,2022-07-11T16:30:00Z,0.0132,ppm
5610,2022-07-11T17:30:00Z,0.0135,ppm
5610,2022-07-11T18:30:00Z,0.0127,ppm
5610,2022-07-11T19:30:00Z,0.0136,ppm
5610,2022-07-11T20:30:00Z,0.0127,ppm
5610,2022-07-11T21:30:00Z,0.013,ppm
5610,2022-07-11T22:30:00Z,0.0133,ppm
5610,2022-07-11T23:30:00Z,0.0132,ppm
5610,2022-07-12T00:30:00Z,0.0132,ppm
5610,2022-07-12T01:30:00Z,0.0133,ppm
5610,2022-07-12T02:30:00Z,0.013,ppm
5610,2022-07-12T03:30:00Z,0.0129,ppm
5610,2022-07-12T04:30:00Z,0.0133,ppm
5610,2022-07-12T05:30:00Z,0.0133,ppm
5610,2022-07-12T06:30:00Z,0.0113,ppm
5610,2022-07-12T07:30:00Z,0.0121,ppm
5610,2022-07-12T08:30:00Z,0.0136,ppm
5610,2022-07-12T09:30:00Z,0.00732,ppm
5610,2022-07-12T10:30:00Z,0.0119,ppm
5610,2022-07-12T11:30:00Z,0.0119,ppm
5610,2022-07-12T12:30:00Z,0.0287,ppm
5610,2022-07-12T13:30:00Z,0.00943,ppm
5610,2022-07-12T14:30:00Z,0.00717,ppm
5610,2022-07-12T15:30:00Z,0.0131,ppm
5610,2022-07-12T16:30:00Z,0.0134,ppm
5610,2022-07-12T17:30:00Z,0.0126,ppm
5610,2022-07-12T18:30:00Z,0.0131,ppm
5610,2022-07-12T19:30:00Z,0.0069,ppm
5610,2022-07-12T20:30:00Z,0.0131,ppm
5610,2022-07-12T21:30:00Z,0.0132,ppm
5610,2022-07-12T22:30:00Z,0.0102,ppm
5610,2022-07-12T23:30:00Z,0.0132,ppm
5610,2022-07-13T00:30:00Z,0.00855,ppm
5610,2022-07-13T01:30:00Z,0.0127,ppm
5610,2022-07-13T02:30:00Z,0.0132,ppm
5610,2022-07-13T03:30:00Z,0.0137,ppm
5610,2022-07-13T04:30:00Z,0.0133,ppm
5610,2022-07-13T05:30:00Z,0.0133,ppm
5610,2022-07-13T06:30:00Z,0.00876,ppm
5610,2022-07-13T07:30:00Z,0.0,ppm
5610,2022-07-13T09:30:00Z,,ppm
5610,2022-07-13T10:30:00Z,0.036,ppm
5610,2022-07-13T11:30:00Z,0.0129,ppm
5610,2022-07-13T12:30:00Z,0.0129,ppm
5610,2022-07-13T13:30:00Z,0.0134,ppm
5610,2022-07-13T14:30:00Z,0.00786,ppm
5610,2022-07-13T15:30:00Z,0.0134,ppm
5610,2022-07-13T16:30:00Z,0.0131,ppm
5610,2022-07-13T17:30:00Z,0.0138,ppm
5610,2022-07-13T18:30:00Z,0.0128,ppm
5610,2022-07-13T19:30:00Z,0.0134,ppm
5610,2022-07-13T20:30:00Z,0.00767,ppm
5610,2022-07-13T21:30:00Z,0.0126,ppm
5610,2022-07-13T22:30:00Z,0.0129,ppm
5610,2022-07-13T23:30:00Z,0.0137,ppm
5610,2022-07-14T00:30:00Z,0.0075,ppm
5610,2022-07-14T01:30:00Z,0.0133,ppm
5610,2022-07-14T02:30:00Z,0.0139,ppm
5610,2022-07-14T03:30:00Z,0.0077,ppm
5610,2022-07-14T04:30:00Z,0.0076,ppm
5610,2022-07-14T05:30:00Z,0.0148,ppm
5610,2022-07-14T06:30:00Z,0.0133,ppm
5610,2022-07-14T07:30:00Z,0.0132,ppm
5610,2022-07-14T08:30:00Z,0.0136,ppm
5610,2022-07-14T09:30:00Z,0.00776,ppm
5610,2022-07-14T10:30:00Z,0.0135,ppm
5610,2022-07-14T11:30:00Z,0.0134,ppm
5610,2022-07-14T12:30:00Z,0.0139,ppm
5610,2022-07-14T13:30:00Z,0.013,ppm
5610,2022-07-14T14:30:00Z,0.0133,ppm
5610,2022-07-14T15:30:00Z,0.0101,ppm
5610,2022-07-14T16:30:00Z,0.00773,ppm
5610,2022-07-14T17:30:00Z,0.00765,ppm
5610,2022-07-14T18:30:00Z,0.00999,ppm
5610,2022-07-14T21:30:00Z,0.00757,ppm
5610,2022-07-14T22:30:00Z,0.00776,ppm
5610,2022-07-14T23:30:00Z,0.0133,ppm
5610,2022-07-15T00:30:00Z,0.00778,ppm
5610,2022-07-15T01:30:00Z,0.00787,ppm
5610,2022-07-15T02:30:00Z,0.0076,ppm
5610,2022-07-15T03:30:00Z,0.00772,ppm
5610,2022-07-15T04:30:00Z,0.00771,ppm
5610,2022-07-15T05:30:00Z,0.00791,ppm
5610,2022-07-15T06:30:00Z,0.0137,ppm
5610,2022-07-15T07:30:00Z,0.0132,ppm
5610,2022-07-15T08:30:00Z,0.00771,ppm
5610,2022-07-15T09:30:00Z,0.00768,ppm
5610,2022-07-15T10:30:00Z,0.00744,ppm
5610,2022-07-15T11:30:00Z,0.00787,ppm
5610,2022-07-15T12:30:00Z,0.00768,ppm
5610,2022-07-15T13:30:00Z,0.00763,ppm
5610,2022-07-15T14:30:00Z,0.0142,ppm
5610,2022-07-15T15:30:00Z,0.0135,ppm
5610,2022-07-15T16:30:00Z,0.0137,ppm
5610,2022-07-15T17:30:00Z,0.0139,ppm
5610,2022-07-15T18:30:00Z,0.013,ppm
5610,2022-07-15T19:30:00Z,0.0135,ppm
5610,2022-07-15T20:30:00Z,0.0135,ppm
5610,2022-07-15T21:30:00Z,0.0139,ppm
5610,2022-07-15T22:30:00Z,0.0137,ppm
5610,2022-07-15T23:30:00Z,0.0136,ppm
5610,2022-07-16T00:30:00Z,0.0132,ppm
5610,2022-07-16T01:30:00Z,0.0143,ppm
5610,2022-07-16T02:30:00Z,0.0136,ppm
5610,2022-07-16T03:30:00Z,0.0149,ppm
5610,2022-07-16T04:30:00Z,0.0177,ppm
5610,2022-07-16T05:30:00Z,0.0176,ppm
5610,2022-07-16T06:30:00Z,0.00573,ppm
5610,2022-07-16T07:30:00Z,0.0086,ppm
5610,2022-07-16T08:30:00Z,0.00753,ppm
5610,2022-07-16T09:30:00Z,0.0074,ppm
5610,2022-07-16T10:30:00Z,0.0133,ppm
5610,2022-07-16T11:30:00Z,0.0135,ppm
5610,2022-07-16T12:30:00Z,0.0128,ppm
5610,2022-07-16T13:30:00Z,0.0116,ppm
5610,2022-07-16T14:30:00Z,0.016,ppm
5610,2022-07-16T15:30:00Z,0.00894,ppm
5610,2022-07-16T16:30:00Z,0.00748,ppm
5610,2022-07-16T17:30:00Z,0.0107,ppm
5610,2022-07-16T18:30:00Z,0.00273,ppm
5610,2022-07-16T19:30:00Z,0.00791,ppm
5610,2022-07-16T20:30:00Z,0.00797,ppm
5610,2022-07-16T21:30:00Z,0.00728,ppm
5610,2022-07-16T22:30:00Z,0.00763,ppm
5610,2022-07-16T23:30:00Z,0.00769,ppm
5610,2022-07-17T00:30:00Z,0.00844,ppm
5610,2022-07-17T01:30:00Z,0.00839,ppm
5610,2022-07-17T02:30:00Z,0.0135,ppm
5610,2022-07-17T03:30:00Z,0.015,ppm
5610,2022-07-17T04:30:00Z,0.00934,ppm
5610,2022-07-17T05:30:00Z,0.00594,ppm
5610,2022-07-17T06:30:00Z,0.00992,ppm
5610,2022-07-17T07:30:00Z,0.0121,ppm
5610,2022-07-17T08:30:00Z,0.00965,ppm
5610,2022-07-17T09:30:00Z,0.00621,ppm
5610,2022-07-17T10:30:00Z,0.0122,ppm
5610,2022-07-17T11:30:00Z,0.00817,ppm
5610,2022-07-17T12:30:00Z,0.00732,ppm
5610,2022-07-17T13:30:00Z,0.00752,ppm
5610,2022-07-17T14:30:00Z,0.00682,ppm
5610,2022-07-17T15:30:00Z,0.0133,ppm
5610,2022-07-17T16:30:00Z,0.00661,ppm
5610,2022-07-17T17:30:00Z,0.00879,ppm
5610,2022-07-17T18:30:00Z,0.00749,ppm
5610,2022-07-17T19:30:00Z,0.00739,ppm
5610,2022-07-17T20:30:00Z,0.00749,ppm
5610,2022-07-17T21:30:00Z,0.00762,ppm
5610,2022-07-17T22:30:00Z,0.00774,ppm
5610,2022-07-17T23:30:00Z,0.00727,ppm
5610,2022-07-18T00:30:00Z,0.0088,ppm
5610,2022-07-18T01:30:00Z,0.0125,ppm
5610,2022-07-18T02:30:00Z,0.00891,ppm
5610,2022-07-18T03:30:00Z,0.00781,ppm
5610,2022-07-18T04:30:00Z,0.0078,ppm
5610,2022-07-18T05:30:00Z,0.00749,ppm
5610,2022-07-18T06:30:00Z,0.00783,ppm
5610,2022-07-18T07:30:00Z,0.00767,ppm
5610,2022-07-18T08:30:00Z,0.00692,ppm
5610,2022-07-18T09:30:00Z,0.00792,ppm
5610,2022-07-18T10:30:00Z,0.00917,ppm
5610,2022-07-18T11:30:00Z,0.00731,ppm
5610,2022-07-18T12:30:00Z,0.00824,ppm
5610,2022-07-18T13:30:00Z,0.0129,ppm
5610,2022-07-18T14:30:00Z,0.00746,ppm
5610,2022-07-18T15:30:00Z,0.00775,ppm
5610,2022-07-18T16:30:00Z,0.00844,ppm
5610,2022-07-18T17:30:00Z,0.00738,ppm
5610,2022-07-18T18:30:00Z,0.00768,ppm
5610,2022-07-18T19:30:00Z,0.00815,ppm
5610,2022-07-18T20:30:00Z,0.00267,ppm
5610,2022-07-18T21:30:00Z,0.0134,ppm
5610,2022-07-18T22:30:00Z,0.00792,ppm
5610,2022-07-18T23:30:00Z,0.00785,ppm
5610,2022-07-19T00:30:00Z,0.00725,ppm
5610,2022-07-19T01:30:00Z,0.0111,ppm
5610,2022-07-19T02:30:00Z,0.0075,ppm
5610,2022-07-19T03:30:00Z,0.00786,ppm
5610,2022-07-19T04:30:00Z,0.00752,ppm
5610,2022-07-19T05:30:00Z,0.00868,ppm
5610,2022-07-19T06:30:00Z,0.00835,ppm
5610,2022-07-19T07:30:00Z,0.00801,ppm
5610,2022-07-19T08:30:00Z,0.0,ppm
5610,2022-07-19T09:30:00Z,0.0119,ppm
5610,2022-07-19T10:30:00Z,0.00774,ppm
5610,2022-07-19T11:30:00Z,0.0212,ppm
5610,2022-07-19T12:30:00Z,0.0217,ppm
5610,2022-07-19T13:30:00Z,0.0219,ppm
5610,2022-07-19T14:30:00Z,0.0224,ppm
5610,2022-07-19T15:30:00Z,0.0228,ppm
5610,2022-07-19T16:30:00Z,0.0221,ppm
5610,2022-07-19T17:30:00Z,0.0223,ppm
5610,2022-07-19T18:30:00Z,0.0214,ppm
5610,2022-07-19T19:30:00Z,0.0216,ppm
5610,2022-07-19T20:30:00Z,0.0227,ppm
5610,2022-07-19T21:30:00Z,0.0211,ppm
5610,2022-07-19T22:30:00Z,0.0237,ppm
5610,2022-07-19T23:30:00Z,0.0203,ppm
5610,2022-07-20T00:30:00Z,0.0226,ppm
5610,2022-07-20T01:30:00Z,0.0219,ppm
5610,2022-07-20T02:30:00Z,0.0202,ppm
5610,2022-07-20T03:30:00Z,0.0182,ppm
5610,2022-07-20T04:30:00Z,0.0184,ppm
5610,2022-07-20T05:30:00Z,0.0072,ppm
5610,2022-07-20T06:30:00Z,0.0236,ppm
5610,2022-07-20T07:30:00Z,0.0229,ppm
5610,2022-07-20T08:30:00Z,0.0206,ppm
5610,2022-07-21T03:30:00Z,0.0212,ppm
5610,2022-07-21T04:30:00Z,0.0217,ppm
5610,2022-07-21T05:30:00Z,0.0213,ppm
5610,2022-07-21T06:30:00Z,0.0211,ppm
5610,2022-07-21T07:30:00Z,0.0221,ppm
5610,2022-07-21T08:30:00Z,0.0215,ppm
5610,2022-07-21T09:30:00Z,0.0213,ppm
5610,2022-07-21T10:30:00Z,0.0217,ppm
5610,2022-07-21T11:30:00Z,0.0224,ppm
5610,2022-07-21T12:30:00Z,0.0227,ppm
5610,2022-07-21T13:30:00Z,0.0224,ppm
5610,2022-07-21T14:30:00Z,0.0214,ppm
5610,2022-07-21T15:30:00Z,0.0211,ppm
5610,2022-07-21T16:30:00Z,0.0215,ppm
5610,2022-07-21T17:30:00Z,0.0224,ppm
5610,2022-07-21T18:30:00Z,0.0211,ppm
5610,2022-07-21T19:30:00Z,0.0219,ppm
5610,2022-07-21T20:30:00Z,0.0221,ppm
5610,2022-07-21T21:30:00Z,0.0213,ppm
5610,2022-07-21T22:30:00Z,0.0207,ppm
5610,2022-07-21T23:30:00Z,0.0217,ppm
5610,2022-07-22T00:30:00Z,0.0217,ppm
5610,2022-07-22T01:30:00Z,0.0217,ppm
5610,2022-07-22T02:30:00Z,0.0218,ppm
5610,2022-07-22T03:30:00Z,0.0211,ppm
5610,2022-07-22T04:30:00Z,0.0177,ppm
5610,2022-07-22T05:30:00Z,0.0218,ppm
5610,2022-07-22T06:30:00Z,0.0196,ppm
5610,2022-07-22T07:30:00Z,0.0222,ppm
5610,2022-07-22T08:30:00Z,0.0215,ppm
5610,2022-07-22T09:30:00Z,0.0221,ppm
5610,2022-07-22T10:30:00Z,0.0213,ppm
5610,2022-07-22T11:30:00Z,0.0211,ppm
5610,2022-07-22T12:30:00Z,0.0218,ppm
5610,2022-07-22T13:30:00Z,0.0207,ppm
5610,2022-07-22T14:30:00Z,0.0185,ppm
5610,2022-07-22T15:30:00Z,0.0229,ppm
5610,2022-07-22T16:30:00Z,0.0215,ppm
5610,2022-07-22T17:30:00Z,0.021,ppm
5610,2022-07-22T18:30:00Z,0.022,ppm
5610,2022-07-22T19:30:00Z,0.0214,ppm
5610,2022-07-22T20:30:00Z,0.0218,ppm
5610,2022-07-22T21:30:00Z,0.0214,ppm
5610,2022-07-22T22:30:00Z,0.0211,ppm
5610,2022-07-22T23:30:00Z,0.0219,ppm
5610,2022-07-23T00:30:00Z,0.0219,ppm
5610,2022-07-23T01:30:00Z,0.0218,ppm
5610,2022-07-23T02:30:00Z,0.0216,ppm
5610,2022-07-23T03:30:00Z,0.0212,ppm
5610,2022-07-23T04:30:00Z,0.021,ppm
5610,2022-07-23T05:30:00Z,0.0207,ppm
5610,2022-07-23T06:30:00Z,0.0215,ppm
5610,2022-07-23T07:30:00Z,0.0213,ppm
5610,2022-07-23T08:30:00Z,0.0216,ppm
5610,2022-07-23T09:30:00Z,0.0217,ppm
5610,2022-07-23T10:30:00Z,0.0217,ppm
5610,2022-07-23T11:30:00Z,0.0218,ppm
5610,2022-07-23T12:30:00Z,0.022,ppm
5610,2022-07-23T13:30:00Z,0.0217,ppm
5610,2022-07-23T14:30:00Z,0.022,ppm
5610,2022-07-23T15:30:00Z,0.0221,ppm
5610,2022-07-23T16:30:00Z,0.0219,ppm
5610,2022-07-23T17:30:00Z,0.0223,ppm
5610,2022-07-23T18:30:00Z,0.0216,ppm
5610,2022-07-23T19:30:00Z,0.0214,ppm
5610,2022-07-23T20:30:00Z,0.021,ppm
5610,2022-07-23T21:30:00Z,0.022,ppm
5610,2022-07-23T23:30:00Z,0.0222,ppm
5610,2022-07-24T00:30:00Z,0.0219,ppm
5610,2022-07-24T01:30:00Z,0.0222,ppm
5610,2022-07-24T02:30:00Z,0.0213,ppm
5610,2022-07-24T03:30:00Z,0.0216,ppm
5610,2022-07-24T04:30:00Z,0.0216,ppm
5610,2022-07-24T05:30:00Z,0.0223,ppm
5610,2022-07-24T06:30:00Z,0.0215,ppm
5610,2022-07-24T07:30:00Z,0.0223,ppm
5610,2022-07-24T08:30:00Z,0.0224,ppm
5610,2022-07-24T09:30:00Z,0.0214,ppm
5610,2022-07-24T10:30:00Z,0.022,ppm
5610,2022-07-24T11:30:00Z,0.0217,ppm
5610,2022-07-24T12:30:00Z,0.0223,ppm
5610,2022-07-24T13:30:00Z,0.0215,ppm
5610,2022-07-24T14:30:00Z,0.0219,ppm
5610,2022-07-24T15:30:00Z,0.0223,ppm
5610,2022-07-24T16:30:00Z,0.0226,ppm
5610,2022-07-24T17:30:00Z,0.0215,ppm
5610,2022-07-24T18:30:00Z,0.0218,ppm
5610,2022-07-24T19:30:00Z,0.0223,ppm
5610,2022-07-24T20:30:00Z,0.0224,ppm
5610,2022-07-24T21:30:00Z,0.0219,ppm
5610,2022-07-24T22:30:00Z,0.0219,ppm
5610,2022-07-24T23:30:00Z,0.0221,ppm
5610,2022-07-25T00:30:00Z,0.0217,ppm
5610,2022-07-25T01:30:00Z,0.0219,ppm
5610,2022-07-25T02:30:00Z,0.0219,ppm
5610,2022-07-25T03:30:00Z,0.022,ppm
5610,2022-07-25T04:30:00Z,0.0239,ppm
5610,2022-07-25T05:30:00Z,0.0215,ppm
5610,2022-07-25T06:30:00Z,0.0202,ppm
5610,2022-07-25T07:30:00Z,0.0208,ppm
5610,2022-07-25T08:30:00Z,0.0221,ppm
5610,2022-07-25T09:30:00Z,0.0219,ppm
5610,2022-07-25T10:30:00Z,0.0214,ppm
5610,2022-07-25T11:30:00Z,0.0218,ppm
5610,2022-07-25T12:30:00Z,0.0219,ppm
5610,2022-07-25T13:30:00Z,0.0218,ppm
5610,2022-07-25T14:30:00Z,0.0215,ppm
5610,2022-07-25T15:30:00Z,0.0217,ppm
5610,2022-07-25T16:30:00Z,0.0217,ppm
5610,2022-07-25T17:30:00Z,0.0217,ppm
5610,2022-07-25T18:30:00Z,0.0216,ppm
5610,2022-07-25T19:30:00Z,0.0218,ppm
5610,2022-07-25T20:30:00Z,0.022,ppm
5610,2022-07-25T21:30:00Z,0.0219,ppm
5610,2022-07-25T22:30:00Z,0.022,ppm
5610,2022-07-25T23:30:00Z,0.0221,ppm
5610,2022-07-26T00:30:00Z,0.022,ppm
5610,2022-07-27T01:30:00Z,0.0216,ppm
5610,2022-07-27T02:30:00Z,0.0219,ppm
5610,2022-07-27T04:30:00Z,0.0214,ppm
5610,2022-07-27T05:30:00Z,0.0217,ppm
5610,2022-07-27T06:30:00Z,0.0216,ppm
5610,2022-07-27T07:30:00Z,0.022,ppm
5610,2022-07-27T08:30:00Z,0.022,ppm
5610,2022-07-27T09:30:00Z,0.0217,ppm
5610,2022-07-27T10:30:00Z,0.0219,ppm
5610,2022-07-27T11:30:00Z,0.0219,ppm
5610,2022-07-27T12:30:00Z,0.0219,ppm
5610,2022-07-27T13:30:00Z,0.0221,ppm
5610,2022-07-27T14:30:00Z,0.0216,ppm
5610,2022-07-27T15:30:00Z,0.0219,ppm
5610,2022-07-27T16:30:00Z,0.0221,ppm
5610,2022-07-27T17:30:00Z,0.0217,ppm
5610,2022-07-27T18:30:00Z,0.0215,ppm
5610,2022-07-27T19:30:00Z,0.022,ppm
5610,2022-07-27T20:30:00Z,0.0218,ppm
5610,2022-07-27T21:30:00Z,0.0215,ppm
5610,2022-07-27T22:30:00Z,0.0217,ppm
5610,2022-07-27T23:30:00Z,0.0217,ppm
5610,2022-07-28T00:30:00Z,0.0218,ppm
5610,2022-07-28T01:30:00Z,0.0217,ppm
5610,2022-07-28T02:30:00Z,0.0215,ppm
5610,2022-07-28T03:30:00Z,0.022,ppm
5610,2022-07-28T04:30:00Z,0.0216,ppm
5610,2022-07-28T05:30:00Z,0.0221,ppm
5610,2022-07-28T06:30:00Z,0.0217,ppm
5610,2022-07-28T07:30:00Z,0.0216,ppm
5610,2022-07-28T08:30:00Z,0.0217,ppm
5610,2022-07-28T09:30:00Z,0.0218,ppm
5610,2022-07-28T10:30:00Z,0.0217,ppm
5610,2022-07-28T11:30:00Z,0.0216,ppm
5610,2022-07-28T12:30:00Z,0.0216,ppm
5610,2022-07-28T13:30:00Z,0.0128,ppm
5610,2022-07-28T14:30:00Z,0.0217,ppm
5610,2022-07-28T15:30:00Z,0.0218,ppm
5610,2022-07-28T16:30:00Z,0.0219,ppm
5610,2022-07-28T17:30:00Z,0.0216,ppm
5610,2022-07-28T18:30:00Z,0.0219,ppm
5610,2022-07-28T19:30:00Z,0.0215,ppm
5610,2022-07-28T20:30:00Z,0.0217,ppm
5610,2022-07-28T21:30:00Z,0.0216,ppm
5610,2022-07-28T22:30:00Z,0.0218,ppm
5610,2022-07-28T23:30:00Z,0.0214,ppm
5610,2022-07-29T00:30:00Z,0.0217,ppm
5610,2022-07-29T01:30:00Z,0.022,ppm
5610,2022-07-29T02:30:00Z,0.0215,ppm
5610,2022-07-29T03:30:00Z,0.0221,ppm
5610,2022-07-29T04:30:00Z,0.0215,ppm
5610,2022-07-29T05:30:00Z,0.0214,ppm
5610,2022-07-29T06:30:00Z,0.0214,ppm
5610,2022-07-29T07:30:00Z,0.0,ppm
5610,2022-07-29T08:30:00Z,0.0,ppm
5610,2022-07-29T09:30:00Z,0.0,ppm
5610,2022-07-29T10:30:00Z,0.0,ppm
5610,2022-07-29T11:30:00Z,0.0,ppm
5610,2022-07-29T12:30:00Z,0.0155,ppm
5610,2022-07-30T05:30:00Z,0.0152,ppm
5610,2022-07-30T06:30:00Z,0.0135,ppm
5610,2022-07-30T07:30:00Z,0.0,ppm
5610,2022-07-30T08:30:00Z,0.0107,ppm
5610,2022-07-30T09:30:00Z,0.0527,ppm
5610,2022-07-30T10:30:00Z,0.0357,ppm
5610,2022-07-30T11:30:00Z,0.0498,ppm
5610,2022-07-30T12:30:00Z,0.0292,ppm
5610,2022-07-30T13:30:00Z,0.0421,ppm
5610,2022-07-30T14:30:00Z,0.0338,ppm
5610,2022-07-30T15:30:00Z,0.0188,ppm
5610,2022-07-30T16:30:00Z,0.0188,ppm
5610,2022-07-30T17:30:00Z,0.0165,ppm
5610,2022-07-30T18:30:00Z,0.0158,ppm
5610,2022-07-30T19:30:00Z,0.0177,ppm
5610,2022-07-30T20:30:00Z,0.02,ppm
5610,2022-07-30T21:30:00Z,0.0206,ppm
5610,2022-07-30T22:30:00Z,0.0205,ppm
5610,2022-07-30T23:30:00Z,0.0203,ppm
5610,2022-07-31T00:30:00Z,0.0199,ppm
5610,2022-07-31T01:30:00Z,0.0201,ppm
5610,2022-07-31T02:30:00Z,0.0191,ppm
5610,2022-07-31T03:30:00Z,0.0186,ppm
5610,2022-07-31T04:30:00Z,0.0176,ppm
5610,2022-07-31T05:30:00Z,0.0148,ppm
5610,2022-07-31T06:30:00Z,0.0175,ppm
5610,2022-07-31T07:30:00Z,0.0167,ppm
5610,2022-07-31T08:30:00Z,0.0145,ppm
5610,2022-07-31T09:30:00Z,0.0144,ppm
5610,2022-07-31T10:30:00Z,0.0168,ppm
5610,2022-07-31T11:30:00Z,0.0211,ppm
5610,2022-07-31T12:30:00Z,0.0193,ppm
5610,2022-07-31T13:30:00Z,0.0154,ppm
5610,2022-07-31T14:30:00Z,0.0186,ppm
5610,2022-07-31T15:30:00Z,0.0363,ppm
5610,2022-07-31T16:30:00Z,0.0311,ppm
5610,2022-07-31T17:30:00Z,0.0204,ppm
5610,2022-07-31T18:30:00Z,0.0212,ppm
5610,2022-07-31T19:30:00Z,0.0241,ppm
5610,2022-07-31T20:30:00Z,0.0258,ppm
5610,2022-07-31T21:30:00Z,0.0245,ppm
5610,2022-07-31T22:30:00Z,0.0273,ppm
5610,2022-07-31T23:30:00Z,0.0254,ppm
5610,2022-08-01T00:30:00Z,0.0242,ppm
5610,2022-08-01T01:30:00Z,0.0216,ppm
5610,2022-08-01T02:30:00Z,0.0231,ppm
5610,2022-08-01T03:30:00Z,0.0231,ppm
5610,2022-08-01T04:30:00Z,0.0312,ppm
5610,2022-08-01T05:30:00Z,0.0231,ppm
5610,2022-08-01T06:30:00Z,0.0233,ppm
5610,2022-08-01T07:30:00Z,0.0157,ppm
5610,2022-08-01T08:30:00Z,0.0576,ppm
5610,2022-08-01T09:30:00Z,0.0191,ppm
5610,2022-08-01T10:30:00Z,0.0545,ppm
5610,2022-08-01T11:30:00Z,0.0299,ppm
5610,2022-08-01T12:30:00Z,0.0306,ppm
5610,2022-08-01T13:30:00Z,0.0254,ppm
5610,2022-08-01T14:30:00Z,0.0223,ppm
5610,2022-08-01T16:30:00Z,0.0155,ppm
5610,2022-08-01T17:30:00Z,0.0158,ppm
5610,2022-08-01T18:30:00Z,0.0103,ppm
5610,2022-08-01T19:30:00Z,0.0342,ppm
5610,2022-08-01T20:30:00Z,0.0244,ppm
5610,2022-08-01T21:30:00Z,0.0216,ppm
5610,2022-08-01T22:30:00Z,0.0217,ppm
5610,2022-08-01T23:30:00Z,0.0213,ppm
5610,2022-08-02T00:30:00Z,0.0287,ppm
5610,2022-08-02T01:30:00Z,0.0136,ppm
5610,2022-08-03T03:30:00Z,0.0,ppm
5610,2022-08-03T04:30:00Z,0.00465,ppm
5610,2022-08-03T05:30:00Z,0.0,ppm
5610,2022-08-03T06:30:00Z,0.0,ppm
5610,2022-08-03T07:30:00Z,0.0,ppm
5610,2022-08-03T08:30:00Z,0.0,ppm
5610,2022-08-03T09:30:00Z,0.0385,ppm
5610,2022-08-03T10:30:00Z,0.0417,ppm
5610,2022-08-03T11:30:00Z,0.032,ppm
5610,2022-09-13T11:30:00Z,0.0345,ppm
5610,2022-09-13T12:30:00Z,0.0326,ppm
5610,2022-09-13T13:30:00Z,0.0321,ppm
5610,2022-09-13T14:30:00Z,0.0264,ppm
5610,2022-09-13T15:30:00Z,0.0235,ppm
5610,2022-09-13T16:30:00Z,0.0238,ppm
5610,2022-09-13T18:30:00Z,0.0224,ppm
5610,2022-09-13T19:30:00Z,0.0203,ppm
5610,2022-09-13T20:30:00Z,0.022,ppm
5610,2022-09-13T21:30:00Z,0.042,ppm
5610,2022-09-13T22:30:00Z,0.0264,ppm
5610,2022-09-13T23:30:00Z,0.0246,ppm
5610,2022-09-14T00:30:00Z,0.0267,ppm
5610,2022-09-14T01:30:00Z,0.0238,ppm
5610,2022-09-14T02:30:00Z,0.0241,ppm
5610,2022-09-14T03:30:00Z,0.0258,ppm
5610,2022-09-14T04:30:00Z,0.0292,ppm
5610,2022-09-14T05:30:00Z,0.0311,ppm
5610,2022-09-14T06:30:00Z,0.0361,ppm
5610,2022-09-14T07:30:00Z,0.0365,ppm
5610,2022-09-14T08:30:00Z,0.0377,ppm
5610,2022-09-14T09:30:00Z,0.0371,ppm
5610,2022-09-14T10:30:00Z,0.0266,ppm
5610,2022-09-14T11:30:00Z,0.0302,ppm
5610,2022-09-14T12:30:00Z,0.0283,ppm
5610,2022-09-14T13:30:00Z,0.0299,ppm
5610,2022-09-14T14:30:00Z,0.0287,ppm
5610,2022-09-14T15:30:00Z,0.0264,ppm
5610,2022-09-14T16:30:00Z,0.025,ppm
5610,2022-09-14T17:30:00Z,0.0197,ppm
5610,2022-09-14T18:30:00Z,0.0208,ppm
5610,2022-09-14T19:30:00Z,0.0207,ppm
5610,2022-09-14T20:30:00Z,0.0222,ppm
5610,2022-09-14T21:30:00Z,0.0216,ppm
5610,2022-09-14T22:30:00Z,0.0232,ppm
5610,2022-09-14T23:30:00Z,0.0223,ppm
5610,2022-09-15T01:30:00Z,0.022,ppm
5610,2022-09-15T02:30:00Z,0.0217,ppm
5610,2022-09-15T03:30:00Z,0.0232,ppm
5610,2022-09-15T04:30:00Z,0.0274,ppm
5610,2022-09-15T05:30:00Z,0.0297,ppm
5610,2022-09-15T06:30:00Z,0.0317,ppm
5610,2022-09-15T07:30:00Z,0.0303,ppm
5610,2022-09-15T08:30:00Z,0.0315,ppm
5610,2022-09-15T09:30:00Z,0.0258,ppm
5610,2022-09-15T10:30:00Z,0.0233,ppm
5610,2022-09-15T11:30:00Z,0.0223,ppm
5610,2022-09-15T12:30:00Z,0.0241,ppm
5610,2022-09-15T13:30:00Z,0.0232,ppm
5610,2022-09-15T14:30:00Z,0.0234,ppm
5610,2022-09-15T15:30:00Z,0.0214,ppm
5610,2022-09-15T16:30:00Z,0.0205,ppm
5610,2022-09-15T17:30:00Z,0.0208,ppm
5610,2022-09-15T18:30:00Z,0.019,ppm
5610,2022-09-15T19:30:00Z,0.0218,ppm
5610,2022-09-15T20:30:00Z,0.0231,ppm
5610,2022-09-15T21:30:00Z,0.0245,ppm
5610,2022-09-15T23:30:00Z,0.0245,ppm
5610,2022-09-16T00:30:00Z,0.022,ppm
5610,2022-09-16T01:30:00Z,0.0206,ppm
5610,2022-09-16T02:30:00Z,0.0156,ppm
5610,2022-09-16T03:30:00Z,0.0214,ppm
5610,2022-09-16T04:30:00Z,0.0184,ppm
5610,2022-09-16T05:30:00Z,0.0193,ppm
5610,2022-09-16T07:30:00Z,0.0161,ppm
5610,2022-09-16T08:30:00Z,0.0216,ppm
5610,2022-09-16T09:30:00Z,0.021,ppm
5610,2022-09-16T10:30:00Z,0.0223,ppm
5610,2022-09-16T12:30:00Z,0.0211,ppm
5610,2022-09-16T13:30:00Z,0.0202,ppm
5610,2022-09-16T14:30:00Z,0.0192,ppm
5610,2022-09-16T15:30:00Z,0.0197,ppm
5610,2022-09-16T16:30:00Z,0.0197,ppm
5610,2022-09-16T17:30:00Z,0.02,ppm
5610,2022-09-16T18:30:00Z,0.0208,ppm
5610,2022-09-16T19:30:00Z,0.0206,ppm
5610,2022-09-16T20:30:00Z,0.0195,ppm
5610,2022-09-16T21:30:00Z,0.0183,ppm
5610,2022-09-17T03:30:00Z,0.0195,ppm
5610,2022-09-17T04:30:00Z,0.0252,ppm
5610,2022-09-17T05:30:00Z,0.0184,ppm
5610,2022-09-19T17:30:00Z,0.0205,ppm
5610,2022-09-19T18:30:00Z,0.0194,ppm
5610,2022-09-19T19:30:00Z,0.0216,ppm
5610,2022-09-19T20:30:00Z,0.0228,ppm
5610,2022-09-19T21:30:00Z,0.023,ppm
5610,2022-09-19T22:30:00Z,0.038,ppm
5610,2022-09-19T23:30:00Z,0.0594,ppm
5610,2022-09-20T00:30:00Z,0.0369,ppm
5610,2022-09-20T01:30:00Z,0.0212,ppm
5610,2022-09-20T02:30:00Z,0.0219,ppm
5610,2022-09-20T03:30:00Z,0.0201,ppm
5610,2022-09-20T04:30:00Z,0.0195,ppm
5610,2022-09-20T06:30:00Z,0.0235,ppm
5610,2022-09-20T08:30:00Z,0.0409,ppm
5610,2022-09-20T09:30:00Z,0.0531,ppm
5610,2022-09-20T10:30:00Z,0.0275,ppm
5610,2022-09-20T11:30:00Z,0.0441,ppm
5610,2022-09-20T12:30:00Z,0.0424,ppm
5610,2022-09-20T13:30:00Z,0.0241,ppm
5610,2022-09-20T14:30:00Z,0.0208,ppm
5610,2022-09-20T15:30:00Z,0.0205,ppm
5610,2022-09-20T16:30:00Z,0.0209,ppm
5610,2022-09-20T17:30:00Z,0.0192,ppm
5610,2022-09-20T18:30:00Z,0.021,ppm
5610,2022-09-20T19:30:00Z,0.0198,ppm
5610,2022-09-20T20:30:00Z,0.0188,ppm
5610,2022-09-20T21:30:00Z,0.0187,ppm
5610,2022-09-20T22:30:00Z,0.0193,ppm
5610,2022-09-20T23:30:00Z,0.0197,ppm
5610,2022-09-21T00:30:00Z,0.0188,ppm
5610,2022-09-21T01:30:00Z,0.0215,ppm
5610,2022-09-21T02:30:00Z,0.0232,ppm
5610,2022-09-21T03:30:00Z,0.0245,ppm
5610,2022-09-21T04:30:00Z,0.0172,ppm
5610,2022-09-21T05:30:00Z,0.00719,ppm
5610,2022-09-21T07:30:00Z,0.00314,ppm
5610,2022-09-21T08:30:00Z,0.0182,ppm
5610,2022-09-21T09:30:00Z,0.0138,ppm
5610,2022-09-21T10:30:00Z,0.0211,ppm
5610,2022-09-21T11:30:00Z,0.0117,ppm
5610,2022-09-21T12:30:00Z,0.032,ppm
5610,2022-09-21T13:30:00Z,0.0222,ppm
5610,2022-09-21T14:30:00Z,0.0197,ppm
5610,2022-09-21T16:30:00Z,0.0171,ppm
5610,2022-09-21T17:30:00Z,0.0183,ppm
5610,2022-09-21T18:30:00Z,0.0175,ppm
5610,2022-09-21T19:30:00Z,0.0183,ppm
5610,2022-09-21T20:30:00Z,0.0189,ppm
5610,2022-09-21T21:30:00Z,0.02,ppm
5610,2022-09-21T22:30:00Z,0.0175,ppm
5610,2022-09-21T23:30:00Z,0.0181,ppm
5610,2022-09-22T00:30:00Z,0.0202,ppm
5610,2022-09-22T01:30:00Z,0.0187,ppm
5610,2022-09-22T02:30:00Z,0.0196,ppm
5610,2022-09-22T05:30:00Z,0.0,ppm
5610,2022-09-22T14:30:00Z,0.0,ppm
5610,2022-09-22T15:30:00Z,0.0171,ppm
5610,2022-09-22T16:30:00Z,0.0152,ppm
5610,2022-09-22T17:30:00Z,0.016,ppm
5610,2022-09-22T19:30:00Z,0.0183,ppm
5610,2022-09-22T20:30:00Z,0.0191,ppm
5610,2022-09-22T21:30:00Z,0.0189,ppm
5610,2022-09-22T22:30:00Z,0.0627,ppm
5610,2022-09-22T23:30:00Z,0.0268,ppm
5610,2022-09-23T00:30:00Z,0.0202,ppm
5610,2022-09-23T01:30:00Z,0.0245,ppm
5610,2022-09-23T02:30:00Z,0.0203,ppm
5610,2022-09-23T03:30:00Z,0.0484,ppm
5610,2022-09-23T04:30:00Z,0.104,ppm
5610,2022-09-23T05:30:00Z,0.0203,ppm
5610,2022-09-23T06:30:00Z,0.0,ppm
5610,2022-09-23T07:30:00Z,0.0,ppm
5610,2022-09-23T08:30:00Z,0.0,ppm
5610,2022-09-23T09:30:00Z,0.0,ppm
5610,2022-09-23T10:30:00Z,0.0,ppm
5610,2022-09-23T11:30:00Z,0.0232,ppm
5610,2022-09-23T12:30:00Z,0.0195,ppm
5610,2022-09-23T13:30:00Z,0.0189,ppm
5610,2022-09-23T14:30:00Z,0.0196,ppm
5610,2022-09-23T15:30:00Z,0.019,ppm
5610,2022-09-23T16:30:00Z,0.0154,ppm
5610,2022-09-23T17:30:00Z,0.0157,ppm
5610,2022-09-23T18:30:00Z,0.0152,ppm
5610,2022-09-23T19:30:00Z,0.0152,ppm
5610,2022-09-23T20:30:00Z,0.0161,ppm
5610,2022-09-23T21:30:00Z,0.0165,ppm
5610,2022-09-23T22:30:00Z,0.0174,ppm
5610,2022-09-23T23:30:00Z,0.0154,ppm
5610,2022-09-25T01:30:00Z,0.0322,ppm
5610,2022-09-25T02:30:00Z,0.0239,ppm
5610,2022-09-25T03:30:00Z,0.021,ppm
5610,2022-09-25T04:30:00Z,0.00441,ppm
5610,2022-09-25T05:30:00Z,0.00754,ppm
5610,2022-09-25T06:30:00Z,0.0089,ppm
5610,2022-09-25T07:30:00Z,0.00283,ppm
5610,2022-09-25T08:30:00Z,0.00928,ppm
5610,2022-09-25T09:30:00Z,0.0132,ppm
5610,2022-09-25T10:30:00Z,0.0,ppm
5610,2022-09-25T12:30:00Z,0.0755,ppm
5610,2022-09-25T13:30:00Z,0.0695,ppm
5610,2022-09-25T14:30:00Z,0.0675,ppm
5610,2022-09-25T16:30:00Z,0.0032,ppm
5610,2022-09-25T17:30:00Z,0.00394,ppm
5610,2022-09-25T18:30:00Z,0.0071,ppm
5610,2022-09-25T19:30:00Z,0.0113,ppm
5610,2022-09-25T20:30:00Z,0.0242,ppm
5610,2022-09-25T21:30:00Z,0.0487,ppm
5610,2022-09-25T22:30:00Z,0.0356,ppm
5610,2022-09-25T23:30:00Z,0.132,ppm
5610,2022-09-26T00:30:00Z,0.121,ppm
5610,2022-09-26T01:30:00Z,0.027,ppm
5610,2022-09-26T02:30:00Z,0.0232,ppm
5610,2022-09-26T03:30:00Z,0.0195,ppm
5610,2022-09-26T04:30:00Z,0.0177,ppm
5610,2022-09-26T05:30:00Z,0.177,ppm
5610,2022-09-26T06:30:00Z,0.144,ppm
5610,2022-09-26T07:30:00Z,0.117,ppm
5610,2022-09-26T08:30:00Z,0.13,ppm
5610,2022-09-26T09:30:00Z,0.0374,ppm
5610,2022-09-26T10:30:00Z,0.00145,ppm
5610,2022-09-26T11:30:00Z,0.0107,ppm
5610,2022-09-27T08:30:00Z,0.0115,ppm
5610,2022-09-27T09:30:00Z,0.0118,ppm
5610,2022-09-27T11:30:00Z,0.00024,ppm
5610,2022-09-27T12:30:00Z,0.0111,ppm
5610,2022-09-27T13:30:00Z,0.0114,ppm
5610,2022-09-27T14:30:00Z,0.0112,ppm
5610,2022-09-27T16:30:00Z,0.0118,ppm
5610,2022-09-27T17:30:00Z,0.0123,ppm
5610,2022-09-27T18:30:00Z,0.0136,ppm
5610,2022-09-27T19:30:00Z,0.0125,ppm
5610,2022-09-27T20:30:00Z,0.0129,ppm
5610,2022-09-27T21:30:00Z,0.0128,ppm
5610,2022-09-27T22:30:00Z,0.0123,ppm
5610,2022-09-27T23:30:00Z,0.0131,ppm
5610,2022-09-28T00:30:00Z,0.0138,ppm
5610,2022-09-28T01:30:00Z,0.015,ppm
5610,2022-09-28T03:30:00Z,0.0151,ppm
5610,2022-09-28T04:30:00Z,0.012,ppm
5610,2022-09-28T05:30:00Z,0.00933,ppm
5610,2022-09-28T07:30:00Z,0.0131,ppm
5610,2022-09-28T08:30:00Z,0.0106,ppm
5610,2022-09-28T11:30:00Z,0.0169,ppm
5610,2022-09-28T12:30:00Z,0.0146,ppm
5610,2022-09-29T10:30:00Z,0.0218,ppm
5610,2022-09-29T12:30:00Z,0.0223,ppm
5610,2022-09-29T14:30:00Z,0.0118,ppm
5610,2022-09-29T15:30:00Z,0.012,ppm
5610,2022-09-29T16:30:00Z,0.0124,ppm
5610,2022-09-29T18:30:00Z,0.0127,ppm
5610,2022-09-29T19:30:00Z,0.0126,ppm
5610,2022-09-29T20:30:00Z,0.0125,ppm
5610,2022-09-29T21:30:00Z,0.0125,ppm
5610,2022-09-29T22:30:00Z,0.0137,ppm
5610,2022-09-29T23:30:00Z,0.0248,ppm
5610,2022-09-30T00:30:00Z,0.0132,ppm
5610,2022-09-30T01:30:00Z,0.0137,ppm
5610,2022-09-30T02:30:00Z,0.0136,ppm
5610,2022-09-30T03:30:00Z,0.013,ppm
5610,2022-09-30T04:30:00Z,0.016,ppm
5610,2022-09-30T05:30:00Z,0.0205,ppm
5610,2022-09-30T06:30:00Z,0.0468,ppm
5610,2022-09-30T08:30:00Z,0.026,ppm
5610,2022-09-30T10:30:00Z,0.0263,ppm
5610,2022-09-30T11:30:00Z,0.0249,ppm
5610,2022-09-30T12:30:00Z,0.0163,ppm
5610,2022-09-30T13:30:00Z,0.0107,ppm
5610,2022-09-30T14:30:00Z,0.0129,ppm
5610,2022-09-30T15:30:00Z,0.0128,ppm
5610,2022-09-30T16:30:00Z,0.0132,ppm
5610,2022-09-30T17:30:00Z,0.0135,ppm
5610,2022-09-30T18:30:00Z,0.0145,ppm
5610,2022-09-30T19:30:00Z,0.0122,ppm
5610,2022-09-30T20:30:00Z,0.0135,ppm
5610,2022-09-30T22:30:00Z,0.0124,ppm
5610,2022-09-30T23:30:00Z,0.0211,ppm
5610,2022-10-01T00:30:00Z,0.012,ppm
5610,2022-10-01T07:30:00Z,0.0255,ppm
5610,2022-10-01T08:30:00Z,0.0282,ppm
5610,2022-10-01T09:30:00Z,0.0277,ppm
5610,2022-10-02T17:30:00Z,0.0108,ppm
5610,2022-10-02T18:30:00Z,0.0128,ppm
5610,2022-10-02T19:30:00Z,0.0117,ppm
5610,2022-10-02T20:30:00Z,0.0103,ppm
5610,2022-10-02T21:30:00Z,0.0116,ppm
5610,2022-10-02T22:30:00Z,0.0103,ppm
5610,2022-10-02T23:30:00Z,0.0113,ppm
5610,2022-10-03T00:30:00Z,0.0104,ppm
5610,2022-10-03T01:30:00Z,0.0115,ppm
5610,2022-10-03T03:30:00Z,0.014,ppm
5610,2022-10-03T04:30:00Z,0.015,ppm
5610,2022-10-03T05:30:00Z,0.0198,ppm
5610,2022-10-03T06:30:00Z,0.0236,ppm
5610,2022-10-03T07:30:00Z,0.0233,ppm
5610,2022-10-03T08:30:00Z,0.0237,ppm
5610,2022-10-03T09:30:00Z,0.0233,ppm
5610,2022-10-03T10:30:00Z,0.0249,ppm
5610,2022-10-03T11:30:00Z,0.0257,ppm
5610,2022-10-03T13:30:00Z,0.0213,ppm
5610,2022-10-03T14:30:00Z,0.0188,ppm
5610,2022-10-03T15:30:00Z,0.0126,ppm
5610,2022-10-03T16:30:00Z,0.0104,ppm
5610,2022-10-03T17:30:00Z,0.0115,ppm
5610,2022-10-03T18:30:00Z,0.0105,ppm
5610,2022-10-03T19:30:00Z,0.0109,ppm
5610,2022-10-03T22:30:00Z,0.00859,ppm
5610,2022-10-03T23:30:00Z,0.0109,ppm
5610,2022-10-04T00:30:00Z,0.0105,ppm
5610,2022-10-04T01:30:00Z,0.0101,ppm
5610,2022-10-04T02:30:00Z,0.01,ppm
5610,2022-10-04T03:30:00Z,0.0102,ppm
5610,2022-10-04T04:30:00Z,0.01,ppm
5610,2022-10-04T05:30:00Z,0.011,ppm
5610,2022-10-04T07:30:00Z,0.0239,ppm
5610,2022-10-04T08:30:00Z,0.0313,ppm
5610,2022-10-04T09:30:00Z,0.0239,ppm
5610,2022-10-04T10:30:00Z,0.0173,ppm
5610,2022-10-04T12:30:00Z,0.0246,ppm
5610,2022-10-04T14:30:00Z,0.00953,ppm
5610,2022-10-04T15:30:00Z,0.014,ppm
5610,2022-10-04T16:30:00Z,0.00965,ppm
5610,2022-10-04T17:30:00Z,0.0111,ppm
5610,2022-10-04T18:30:00Z,0.00876,ppm
5610,2022-10-04T19:30:00Z,0.00934,ppm
5610,2022-10-04T20:30:00Z,0.0174,ppm
5610,2022-10-04T21:30:00Z,0.0057,ppm
5610,2022-10-04T22:30:00Z,0.00911,ppm
5610,2022-10-04T23:30:00Z,0.0094,ppm
5610,2022-10-05T00:30:00Z,0.00862,ppm
5610,2022-10-05T01:30:00Z,0.00913,ppm
5610,2022-10-05T03:30:00Z,0.00907,ppm
5610,2022-10-05T04:30:00Z,0.0117,ppm
5610,2022-10-05T05:30:00Z,0.0137,ppm
5610,2022-10-05T07:30:00Z,0.0266,ppm
5610,2022-10-05T08:30:00Z,0.0255,ppm
5610,2022-10-05T09:30:00Z,0.0325,ppm
5610,2022-10-05T10:30:00Z,0.0168,ppm
5610,2022-10-05T11:30:00Z,0.0249,ppm
5610,2022-10-05T12:30:00Z,0.0144,ppm
5610,2022-10-05T13:30:00Z,0.0113,ppm
5610,2022-10-05T14:30:00Z,0.00933,ppm
5610,2022-10-05T15:30:00Z,0.00943,ppm
5610,2022-10-05T16:30:00Z,0.00933,ppm
5610,2022-10-05T17:30:00Z,0.00905,ppm
5610,2022-10-05T18:30:00Z,0.0173,ppm
5610,2022-10-05T19:30:00Z,0.0167,ppm
5610,2022-10-05T20:30:00Z,0.00974,ppm
5610,2022-10-05T21:30:00Z,0.00972,ppm
5610,2022-10-05T22:30:00Z,0.0115,ppm
5610,2022-10-05T23:30:00Z,0.0187,ppm
5610,2022-10-06T00:30:00Z,0.00974,ppm
5610,2022-10-06T01:30:00Z,0.0191,ppm
5610,2022-10-06T03:30:00Z,0.0179,ppm
5610,2022-10-06T04:30:00Z,0.01,ppm
5610,2022-10-06T05:30:00Z,0.00977,ppm
5610,2022-10-06T08:30:00Z,0.0135,ppm
5610,2022-10-07T19:30:00Z,0.0103,ppm
5610,2022-10-07T21:30:00Z,0.0138,ppm
5610,2022-10-07T22:30:00Z,0.00917,ppm
5610,2022-10-08T00:30:00Z,0.00973,ppm
5610,2022-10-08T01:30:00Z,0.0101,ppm
5610,2022-10-08T02:30:00Z,0.01,ppm
5610,2022-10-08T03:30:00Z,0.0097,ppm
5610,2022-10-08T04:30:00Z,0.0213,ppm
5610,2022-10-08T05:30:00Z,0.0109,ppm
5610,2022-10-08T06:30:00Z,0.00976,ppm
5610,2022-10-08T09:30:00Z,0.00989,ppm
5610,2022-10-08T10:30:00Z,0.0102,ppm
5610,2022-10-08T11:30:00Z,0.0106,ppm
5610,2022-10-08T12:30:00Z,0.0259,ppm
5610,2022-10-08T13:30:00Z,0.0278,ppm
5610,2022-10-08T14:30:00Z,0.0108,ppm
5610,2022-10-08T15:30:00Z,0.0106,ppm
5610,2022-10-08T17:30:00Z,0.0129,ppm
5610,2022-10-08T18:30:00Z,0.0161,ppm
5610,2022-10-08T20:30:00Z,0.0107,ppm
5610,2022-10-08T21:30:00Z,0.0112,ppm
5610,2022-10-08T22:30:00Z,0.011,ppm
5610,2022-10-08T23:30:00Z,0.0109,ppm
5610,2022-10-09T00:30:00Z,0.0105,ppm
5610,2022-10-09T01:30:00Z,0.0104,ppm
5610,2022-10-09T17:30:00Z,0.00971,ppm
5610,2022-10-09T18:30:00Z,0.0102,ppm
5610,2022-10-09T19:30:00Z,0.0105,ppm
5610,2022-10-09T20:30:00Z,0.0109,ppm
5610,2022-10-09T21:30:00Z,0.0114,ppm
5610,2022-10-09T23:30:00Z,0.0116,ppm
5610,2022-10-10T00:30:00Z,0.0116,ppm
5610,2022-10-10T01:30:00Z,0.0111,ppm
5610,2022-10-10T02:30:00Z,0.0104,ppm
5610,2022-10-10T03:30:00Z,0.0202,ppm
5610,2022-10-10T04:30:00Z,0.0108,ppm
5610,2022-10-10T05:30:00Z,0.0108,ppm
5610,2022-10-10T06:30:00Z,0.0112,ppm
5610,2022-10-10T07:30:00Z,0.0142,ppm
5610,2022-10-10T08:30:00Z,0.0,ppm
5610,2022-10-10T16:30:00Z,0.0328,ppm
5610,2022-10-10T17:30:00Z,0.00946,ppm
5610,2022-10-10T18:30:00Z,0.0093,ppm
5610,2022-10-10T19:30:00Z,0.0161,ppm
5610,2022-10-10T20:30:00Z,0.0165,ppm
5610,2022-10-10T21:30:00Z,0.00976,ppm
5610,2022-10-10T22:30:00Z,0.00932,ppm
5610,2022-10-11T01:30:00Z,0.00913,ppm
5610,2022-10-11T02:30:00Z,0.00877,ppm
5610,2022-10-11T03:30:00Z,0.00904,ppm
5610,2022-10-11T04:30:00Z,0.00937,ppm
5610,2022-10-11T06:30:00Z,0.00884,ppm
5610,2022-10-11T19:30:00Z,0.00993,ppm
5610,2022-10-11T20:30:00Z,0.00956,ppm
5610,2022-10-11T21:30:00Z,0.00981,ppm
5610,2022-10-11T22:30:00Z,0.00972,ppm
5610,2022-10-11T23:30:00Z,0.00895,ppm
5610,2022-10-12T00:30:00Z,0.00908,ppm
5610,2022-10-12T01:30:00Z,0.00822,ppm
5610,2022-10-12T02:30:00Z,0.00828,ppm
5610,2022-10-12T03:30:00Z,0.00769,ppm
5610,2022-10-12T04:30:00Z,0.00754,ppm
5610,2022-10-12T05:30:00Z,0.00806,ppm
5610,2022-10-12T07:30:00Z,0.01,ppm
5610,2022-10-12T08:30:00Z,0.0132,ppm
5610,2022-10-12T09:30:00Z,0.0169,ppm
5610,2022-10-12T12:30:00Z,0.013,ppm
5610,2022-10-12T13:30:00Z,0.00993,ppm
5610,2022-10-12T14:30:00Z,0.00919,ppm
5610,2022-10-12T15:30:00Z,0.00881,ppm
5610,2022-10-12T16:30:00Z,0.00983,ppm
5610,2022-10-12T17:30:00Z,0.00964,ppm
5610,2022-10-12T18:30:00Z,0.00975,ppm
5610,2022-10-12T20:30:00Z,0.00927,ppm
5610,2022-10-12T21:30:00Z,0.00952,ppm
5610,2022-10-12T22:30:00Z,0.00927,ppm
5610,2022-10-12T23:30:00Z,0.0093,ppm
5610,2022-10-13T00:30:00Z,0.00929,ppm
5610,2022-10-13T01:30:00Z,0.00963,ppm
5610,2022-10-13T02:30:00Z,0.0091,ppm
5610,2022-10-13T03:30:00Z,0.00912,ppm
5610,2022-10-13T04:30:00Z,0.00845,ppm
5610,2022-10-13T09:30:00Z,0.0173,ppm
5610,2022-10-13T10:30:00Z,0.0164,ppm
5610,2022-10-13T11:30:00Z,0.016,ppm
5610,2022-10-13T12:30:00Z,0.0134,ppm
5610,2022-10-13T13:30:00Z,0.00996,ppm
5610,2022-10-13T14:30:00Z,0.00925,ppm
5610,2022-10-13T15:30:00Z,0.00979,ppm
5610,2022-10-13T16:30:00Z,0.0105,ppm
5610,2022-10-13T17:30:00Z,0.0088,ppm
5610,2022-10-13T18:30:00Z,0.00938,ppm
5610,2022-10-13T19:30:00Z,0.00865,ppm
5610,2022-10-13T20:30:00Z,0.00845,ppm
5610,2022-10-13T21:30:00Z,0.00853,ppm
5610,2022-10-13T22:30:00Z,0.00867,ppm
5610,2022-10-13T23:30:00Z,0.00836,ppm
5610,2022-10-14T00:30:00Z,0.0184,ppm
5610,2022-10-14T01:30:00Z,0.00868,ppm
5610,2022-10-14T02:30:00Z,0.00762,ppm
5610,2022-10-14T03:30:00Z,0.00855,ppm
5610,2022-10-14T04:30:00Z,0.00895,ppm
5610,2022-10-14T05:30:00Z,0.0122,ppm
5610,2022-10-14T06:30:00Z,0.0173,ppm
5610,2022-10-14T07:30:00Z,0.0165,ppm
5610,2022-10-14T10:30:00Z,0.017,ppm
5610,2022-10-14T11:30:00Z,0.0174,ppm
5610,2022-10-14T13:30:00Z,0.0117,ppm
5610,2022-10-14T14:30:00Z,0.0095,ppm
5610,2022-10-14T16:30:00Z,0.00856,ppm
5610,2022-10-14T17:30:00Z,0.0178,ppm
5610,2022-10-14T18:30:00Z,0.00827,ppm
5610,2022-10-14T19:30:00Z,0.00791,ppm
5610,2022-10-14T20:30:00Z,0.0119,ppm
5610,2022-10-14T21:30:00Z,0.00711,ppm
5610,2022-10-14T22:30:00Z,0.0078,ppm
5610,2022-10-14T23:30:00Z,0.00763,ppm
5610,2022-10-15T00:30:00Z,0.0169,ppm
5610,2022-10-15T01:30:00Z,0.0119,ppm
5610,2022-10-15T02:30:00Z,0.00651,ppm
5610,2022-10-15T03:30:00Z,0.0123,ppm
5610,2022-10-15T04:30:00Z,0.0129,ppm
5610,2022-10-15T05:30:00Z,0.0218,ppm
5610,2022-10-15T06:30:00Z,0.0229,ppm
5610,2022-10-15T08:30:00Z,0.0296,ppm
5610,2022-10-15T09:30:00Z,0.0385,ppm
5610,2022-10-15T10:30:00Z,0.0179,ppm
5610,2022-10-15T11:30:00Z,0.0184,ppm
5610,2022-10-15T13:30:00Z,0.0137,ppm
5610,2022-10-15T14:30:00Z,0.0125,ppm
5610,2022-10-15T15:30:00Z,0.0117,ppm
5610,2022-10-15T16:30:00Z,0.0244,ppm
5610,2022-10-15T17:30:00Z,0.0132,ppm
5610,2022-10-15T18:30:00Z,0.012,ppm
5610,2022-10-15T19:30:00Z,0.0115,ppm
5610,2022-10-15T20:30:00Z,0.0132,ppm
5610,2022-10-15T21:30:00Z,0.0134,ppm
5610,2022-10-15T22:30:00Z,0.0127,ppm
5610,2022-10-15T23:30:00Z,0.0116,ppm
5610,2022-10-16T00:30:00Z,0.012,ppm
5610,2022-10-16T01:30:00Z,0.0213,ppm
5610,2022-10-16T03:30:00Z,0.0109,ppm
5610,2022-10-16T04:30:00Z,0.0123,ppm
5610,2022-10-16T05:30:00Z,0.0121,ppm
5610,2022-10-16T06:30:00Z,0.0134,ppm
5610,2022-10-16T07:30:00Z,0.0373,ppm
5610,2022-10-16T08:30:00Z,0.0417,ppm
5610,2022-10-16T09:30:00Z,0.0412,ppm
5610,2022-10-16T10:30:00Z,0.0348,ppm
5610,2022-10-16T11:30:00Z,0.0311,ppm
5610,2022-10-16T12:30:00Z,0.0119,ppm
5610,2022-10-16T13:30:00Z,0.00387,ppm
5610,2022-10-16T14:30:00Z,0.0152,ppm
5610,2022-10-16T15:30:00Z,0.029,ppm
5610,2022-10-16T16:30:00Z,0.0252,ppm
5610,2022-10-31T01:30:00Z,0.0106,ppm
5610,2022-10-31T02:30:00Z,0.0109,ppm
